id,source,authorId,authorName,timestamp,content,likeCount,shareCount,commentCount,language
"Twitter_1778643616196_4","Twitter","user_212","User 93","2024-09-07 03:25:00","tinh thần đoàn kết của người việt thật đáng khâm phục  mọi người cùng giúp đỡ nhau",323,37,25,"vi"
"Twitter_1778643616196_3","Twitter","user_458","User 387","2024-09-08 02:50:00","theo dự báo  bão sẽ suy yếu dần trong 24 giờ tới",85,17,27,"vi"
"Twitter_1778643616197_14","Twitter","user_322","User 923","2024-09-10 14:32:00","hàng cứu trợ đã đến kịp thời  cảm ơn tấm lòng hảo tâm của mọi người",238,32,22,"vi"
"Twitter_1778643616197_6","Twitter","user_160","User 410","2024-09-11 16:03:00","cảm ơn đội cứu hộ đã giúp đỡ người dân vùng lũ  thật tuyệt vời",397,19,2,"vi"
"Twitter_1778643616197_13","Twitter","user_795","User 606","2024-09-13 10:38:00","bão yagi là chủ đề đang được quan tâm",323,52,32,"vi"
"Twitter_1778643616197_15","Twitter","user_168","User 525","2024-09-13 16:53:00","cảm ơn các nhà hảo tâm đã gửi thực phẩm và nước uống đến vùng lũ",27,21,23,"vi"
"Twitter_1778643616197_8","Twitter","user_453","User 429","2024-09-18 01:40:00","chính quyền đã hỗ trợ tiền mặt kịp thời cho các hộ dân bị thiệt hại",125,93,0,"vi"
"Twitter_1778643616197_16","Twitter","user_904","User 803","2024-09-18 22:41:00","hàng cứu trợ đến chậm  phân phối không công bằng",130,35,21,"vi"
"Twitter_1778643616197_12","Twitter","user_275","User 522","2024-09-19 01:31:00","các đơn vị đang khẩn trương khắc phục hậu quả bão  rất đáng khen ngợi",31,70,6,"vi"
"Twitter_1778643616197_9","Twitter","user_594","User 403","2024-09-20 15:09:00","cảm ơn các nhà hảo tâm đã gửi thực phẩm và nước uống đến vùng lũ",244,98,29,"vi"
"Twitter_1778643616190_0","Twitter","user_130","User 763","2024-09-20 18:25:00","cảm ơn đội cứu hộ đã giúp đỡ người dân vùng lũ  thật tuyệt vời",5,18,19,"vi"
"Twitter_1778643616197_11","Twitter","user_328","User 870","2024-09-21 21:23:00","bão yagi đã đổ bộ vào các tỉnh miền bắc với sức gió mạnh nhất",411,9,46,"vi"
"Twitter_1778643616196_2","Twitter","user_743","User 209","2024-09-22 18:33:00","tinh thần đoàn kết của người việt thật đáng khâm phục  mọi người cùng giúp đỡ nhau",243,41,30,"vi"
"Twitter_1778643616197_7","Twitter","user_601","User 94","2024-09-22 19:15:00","hàng cứu trợ đã đến kịp thời  cảm ơn tấm lòng hảo tâm của mọi người",499,90,1,"vi"
"Twitter_1778643616197_17","Twitter","user_755","User 481","2024-09-24 23:02:00","mất điện  mất nước đã 3 ngày  cuộc sống vô cùng khó khăn",441,84,46,"vi"
"Twitter_1778643616197_19","Twitter","user_434","User 741","2024-09-25 05:12:00","nhà cửa bị sập hoàn toàn sau bão  không biết bao giờ mới xây lại được",496,29,42,"vi"
"Twitter_1778643616197_10","Twitter","user_747","User 696","2024-09-27 00:03:00","cảm ơn các nhà hảo tâm đã gửi thực phẩm và nước uống đến vùng lũ",229,76,26,"vi"
"Twitter_1778643616196_1","Twitter","user_93","User 182","2024-09-27 10:56:00","hàng cứu trợ đến chậm  phân phối không công bằng",32,56,20,"vi"
"Twitter_1778643616197_18","Twitter","user_740","User 610","2024-09-28 10:09:00","chính quyền đã hỗ trợ tiền mặt kịp thời cho các hộ dân bị thiệt hại",29,91,24,"vi"
"Twitter_1778643616197_5","Twitter","user_534","User 807","2024-09-30 08:13:00","hàng cứu trợ đã đến kịp thời  cảm ơn tấm lòng hảo tâm của mọi người",440,58,6,"vi"
"Twitter_1778643616202_9","Twitter","user_509","User 760","2024-09-07 22:05:00","mất điện  mất nước đã 3 ngày  cuộc sống vô cùng khó khăn",107,99,6,"vi"
"Twitter_1778643616203_17","Twitter","user_934","User 721","2024-09-25 17:48:00","chính quyền đã hỗ trợ tiền mặt kịp thời cho các hộ dân bị thiệt hại",375,68,34,"vi"
"Twitter_1778643616203_15","Twitter","user_732","User 428","2024-09-09 15:28:00","mất điện  mất nước đã 3 ngày  cuộc sống vô cùng khó khăn",61,89,49,"vi"
"Twitter_1778643616203_14","Twitter","user_370","User 109","2024-09-24 17:41:00","mất điện  mất nước đã 3 ngày  cuộc sống vô cùng khó khăn",190,83,11,"vi"
"Twitter_1778643616202_10","Twitter","user_294","User 340","2024-09-14 02:39:00","cảm ơn đội cứu hộ đã giúp đỡ người dân vùng lũ  thật tuyệt vời",186,6,43,"vi"
"Twitter_1778643616203_11","Twitter","user_568","User 446","2024-09-23 06:47:00","đường sá bị ngập nặng  giao thông tê liệt hoàn toàn  không thể di chuyển",427,33,9,"vi"
"Twitter_1778643616203_18","Twitter","user_725","User 51","2024-09-15 06:18:00","đường sá bị ngập nặng  giao thông tê liệt hoàn toàn  không thể di chuyển",338,42,14,"vi"
"Twitter_1778643616202_1","Twitter","user_331","User 398","2024-09-17 00:06:00","người dân vùng lũ đang rất cần được cứu trợ khẩn cấp  chưa thấy ai đến",379,89,43,"vi"
"Twitter_1778643616203_19","Twitter","user_974","User 182","2024-09-19 14:30:00","các đơn vị đang khẩn trương khắc phục hậu quả bão  rất đáng khen ngợi",275,13,11,"vi"
"Twitter_1778643616202_7","Twitter","user_230","User 88","2024-09-19 15:30:00","đội ngũ y tế đang làm việc không mệt mỏi để cứu chữa người bị thương",175,93,45,"vi"
"Twitter_1778643616202_3","Twitter","user_991","User 654","2024-09-22 12:08:00","tinh thần đoàn kết của người việt thật đáng khâm phục  mọi người cùng giúp đỡ nhau",448,94,5,"vi"
"Twitter_1778643616203_13","Twitter","user_809","User 221","2024-09-15 05:40:00","chính quyền đã hỗ trợ tiền mặt kịp thời cho các hộ dân bị thiệt hại",229,98,17,"vi"
"Twitter_1778643616202_8","Twitter","user_881","User 425","2024-09-24 02:39:00","các đơn vị đang khẩn trương khắc phục hậu quả bão  rất đáng khen ngợi",315,31,8,"vi"
"Twitter_1778643616202_5","Twitter","user_553","User 416","2024-09-25 19:45:00","hàng cứu trợ đến chậm  phân phối không công bằng",417,18,47,"vi"
"Twitter_1778643616202_4","Twitter","user_359","User 731","2024-09-27 19:41:00","bão quá mạnh  thiệt hại quá lớn  nhiều người mất nhà cửa",11,43,23,"vi"
"Twitter_1778643616202_0","Twitter","user_46","User 589","2024-09-28 05:05:00","bão quá mạnh  thiệt hại quá lớn  nhiều người mất nhà cửa",36,45,42,"vi"
"Twitter_1778643616203_16","Twitter","user_186","User 431","2024-09-22 13:25:00","hàng cứu trợ đến chậm  phân phối không công bằng",328,31,37,"vi"
"Twitter_1778643616202_6","Twitter","user_266","User 659","2024-09-28 17:30:00","cơ sở hạ tầng bị phá hủy nghiêm trọng  cầu đường sạt lở nặng",386,86,31,"vi"
"Twitter_1778643616202_2","Twitter","user_793","User 374","2024-09-29 21:08:00","chính quyền đã hỗ trợ tiền mặt kịp thời cho các hộ dân bị thiệt hại",269,77,22,"vi"
"Twitter_1778643616203_12","Twitter","user_788","User 578","2024-09-24 05:56:00","nhà cửa bị sập hoàn toàn sau bão  không biết bao giờ mới xây lại được",318,7,34,"vi"
"Twitter_1778643616203_6","Twitter","user_572","User 424","2024-09-26 17:09:00","typhoon yagi là chủ đề đang được quan tâm",446,59,43,"vi"
"Twitter_1778643616203_7","Twitter","user_533","User 805","2024-09-21 00:38:00","đội ngũ y tế đang làm việc không mệt mỏi để cứu chữa người bị thương",182,6,29,"vi"
"Twitter_1778643616203_5","Twitter","user_64","User 956","2024-09-14 05:37:00","cảm ơn đội cứu hộ đã giúp đỡ người dân vùng lũ  thật tuyệt vời",145,15,43,"vi"
"Twitter_1778643616203_3","Twitter","user_557","User 657","2024-09-28 23:35:00","hàng cứu trợ đến chậm  phân phối không công bằng",389,44,49,"vi"
"Twitter_1778643616203_4","Twitter","user_514","User 282","2024-09-25 13:50:00","cảm ơn các nhà hảo tâm đã gửi thực phẩm và nước uống đến vùng lũ",350,51,44,"vi"
"Twitter_1778643616203_9","Twitter","user_128","User 822","2024-09-11 06:53:00","cảm ơn các nhà hảo tâm đã gửi thực phẩm và nước uống đến vùng lũ",290,41,37,"vi"
"Twitter_1778643616203_10","Twitter","user_451","User 838","2024-09-22 14:23:00","hàng cứu trợ đến chậm  phân phối không công bằng",294,91,9,"vi"
"Twitter_1778643616203_2","Twitter","user_391","User 967","2024-09-13 21:28:00","bão yagi đã đổ bộ vào các tỉnh miền bắc với sức gió mạnh nhất",337,53,38,"vi"
"Twitter_1778643616203_1","Twitter","user_825","User 848","2024-09-07 07:38:00","theo dự báo  bão sẽ suy yếu dần trong 24 giờ tới",492,14,37,"vi"
"Twitter_1778643616203_0","Twitter","user_100","User 1","2024-09-13 19:06:00","theo dự báo  bão sẽ suy yếu dần trong 24 giờ tới",174,27,48,"vi"
"Twitter_1778643616203_8","Twitter","user_503","User 629","2024-09-11 17:28:00","chính quyền đã hỗ trợ tiền mặt kịp thời cho các hộ dân bị thiệt hại",473,75,49,"vi"
"Twitter_1778643616204_19","Twitter","user_320","User 234","2024-09-28 04:35:00","nhà cửa bị sập hoàn toàn sau bão  không biết bao giờ mới xây lại được",287,24,11,"vi"
"Twitter_1778643616204_17","Twitter","user_4","User 105","2024-09-12 12:15:00","theo dự báo  bão sẽ suy yếu dần trong 24 giờ tới",243,64,33,"vi"
"Twitter_1778643616204_18","Twitter","user_944","User 363","2024-09-09 10:20:00","bão quá mạnh  thiệt hại quá lớn  nhiều người mất nhà cửa",105,47,42,"vi"
"Twitter_1778643616204_11","Twitter","user_908","User 716","2024-09-23 23:00:00","hàng cứu trợ đã đến kịp thời  cảm ơn tấm lòng hảo tâm của mọi người",436,36,23,"vi"
"Twitter_1778643616204_5","Twitter","user_708","User 145","2024-09-20 06:10:00","chính quyền đã hỗ trợ tiền mặt kịp thời cho các hộ dân bị thiệt hại",429,87,33,"vi"
"Twitter_1778643616204_8","Twitter","user_471","User 300","2024-09-23 05:36:00","người dân vùng lũ đang rất cần được cứu trợ khẩn cấp  chưa thấy ai đến",315,97,10,"vi"
"Twitter_1778643616204_13","Twitter","user_486","User 856","2024-09-30 07:42:00","nhà cửa bị sập hoàn toàn sau bão  không biết bao giờ mới xây lại được",476,58,31,"vi"
"Twitter_1778643616204_4","Twitter","user_901","User 645","2024-09-26 14:52:00","nhà cửa bị sập hoàn toàn sau bão  không biết bao giờ mới xây lại được",440,20,42,"vi"
"Twitter_1778643616204_2","Twitter","user_129","User 483","2024-09-28 09:05:00","đội ngũ y tế đang làm việc không mệt mỏi để cứu chữa người bị thương",200,70,5,"vi"
"Twitter_1778643616204_12","Twitter","user_983","User 574","2024-09-20 20:44:00","bão quá mạnh  thiệt hại quá lớn  nhiều người mất nhà cửa",218,92,46,"vi"
"Twitter_1778643616204_0","Twitter","user_77","User 104","2024-09-29 21:41:00","người dân vùng lũ đang rất cần được cứu trợ khẩn cấp  chưa thấy ai đến",55,99,33,"vi"
"Twitter_1778643616204_3","Twitter","user_526","User 18","2024-09-23 18:56:00","người dân vùng lũ đang rất cần được cứu trợ khẩn cấp  chưa thấy ai đến",338,19,8,"vi"
"Twitter_1778643616204_10","Twitter","user_820","User 227","2024-09-30 18:51:00","đội ngũ y tế đang làm việc không mệt mỏi để cứu chữa người bị thương",361,42,42,"vi"
"Twitter_1778643616204_14","Twitter","user_257","User 159","2024-09-19 00:12:00","bão yagi đã đổ bộ vào các tỉnh miền bắc với sức gió mạnh nhất",248,96,6,"vi"
"Twitter_1778643616204_6","Twitter","user_469","User 382","2024-09-24 01:35:00","hàng cứu trợ đến chậm  phân phối không công bằng",487,84,32,"vi"
"Twitter_1778643616204_1","Twitter","user_111","User 865","2024-09-27 07:42:00","theo dự báo  bão sẽ suy yếu dần trong 24 giờ tới",330,98,42,"vi"
"Twitter_1778643616204_16","Twitter","user_604","User 461","2024-09-28 03:42:00","bão quá mạnh  thiệt hại quá lớn  nhiều người mất nhà cửa",192,19,7,"vi"
"Twitter_1778643616204_15","Twitter","user_256","User 874","2024-09-30 17:48:00","tinh thần đoàn kết của người việt thật đáng khâm phục  mọi người cùng giúp đỡ nhau",202,48,21,"vi"
"Twitter_1778643616204_7","Twitter","user_723","User 794","2024-09-21 23:12:00","nhà cửa bị sập hoàn toàn sau bão  không biết bao giờ mới xây lại được",290,59,5,"vi"
"Twitter_1778643616204_9","Twitter","user_788","User 162","2024-09-17 01:56:00","mất điện  mất nước đã 3 ngày  cuộc sống vô cùng khó khăn",409,28,48,"vi"
"Twitter_1778643616205_10","Twitter","user_165","User 145","2024-09-18 21:25:00","hàng cứu trợ đã đến kịp thời  cảm ơn tấm lòng hảo tâm của mọi người",497,31,3,"vi"
"Twitter_1778643616205_15","Twitter","user_350","User 597","2024-09-08 21:10:00","đường sá bị ngập nặng  giao thông tê liệt hoàn toàn  không thể di chuyển",182,86,20,"vi"
"Twitter_1778643616205_13","Twitter","user_361","User 416","2024-09-17 11:52:00","bão quá mạnh  thiệt hại quá lớn  nhiều người mất nhà cửa",361,7,45,"vi"
"Twitter_1778643616205_16","Twitter","user_391","User 70","2024-09-18 13:29:00","hàng cứu trợ đã đến kịp thời  cảm ơn tấm lòng hảo tâm của mọi người",49,24,31,"vi"
"Twitter_1778643616205_4","Twitter","user_600","User 287","2024-09-14 12:43:00","theo dự báo  bão sẽ suy yếu dần trong 24 giờ tới",114,10,7,"vi"
"Twitter_1778643616205_9","Twitter","user_865","User 997","2024-09-20 22:09:00","sạt lở là chủ đề đang được quan tâm",399,54,25,"vi"
"Twitter_1778643616205_17","Twitter","user_640","User 466","2024-09-16 17:16:00","các đơn vị đang khẩn trương khắc phục hậu quả bão  rất đáng khen ngợi",446,30,47,"vi"
"Twitter_1778643616205_1","Twitter","user_810","User 609","2024-09-12 18:17:00","bão yagi đã đổ bộ vào các tỉnh miền bắc với sức gió mạnh nhất",31,24,13,"vi"
"Twitter_1778643616205_8","Twitter","user_959","User 674","2024-09-18 10:40:00","các đơn vị đang khẩn trương khắc phục hậu quả bão  rất đáng khen ngợi",314,75,20,"vi"
"Twitter_1778643616205_5","Twitter","user_140","User 274","2024-09-11 20:57:00","cảm ơn các nhà hảo tâm đã gửi thực phẩm và nước uống đến vùng lũ",148,69,35,"vi"
"Twitter_1778643616205_6","Twitter","user_994","User 210","2024-09-13 13:04:00","hàng cứu trợ đã đến kịp thời  cảm ơn tấm lòng hảo tâm của mọi người",81,67,17,"vi"
"Twitter_1778643616205_14","Twitter","user_144","User 799","2024-09-13 00:38:00","các đơn vị đang khẩn trương khắc phục hậu quả bão  rất đáng khen ngợi",467,39,18,"vi"
"Twitter_1778643616205_7","Twitter","user_33","User 118","2024-09-07 21:36:00","theo dự báo  bão sẽ suy yếu dần trong 24 giờ tới",194,63,8,"vi"
"Twitter_1778643616205_19","Twitter","user_221","User 216","2024-09-17 16:59:00","hàng cứu trợ đã đến kịp thời  cảm ơn tấm lòng hảo tâm của mọi người",267,50,27,"vi"
"Twitter_1778643616205_0","Twitter","user_592","User 177","2024-09-22 20:40:00","hàng cứu trợ đã đến kịp thời  cảm ơn tấm lòng hảo tâm của mọi người",425,10,26,"vi"
"Twitter_1778643616205_2","Twitter","user_256","User 814","2024-09-30 19:58:00","đội ngũ y tế đang làm việc không mệt mỏi để cứu chữa người bị thương",89,48,40,"vi"
"Twitter_1778643616205_3","Twitter","user_601","User 530","2024-09-25 22:32:00","tinh thần đoàn kết của người việt thật đáng khâm phục  mọi người cùng giúp đỡ nhau",146,21,35,"vi"
"Twitter_1778643616205_11","Twitter","user_679","User 366","2024-09-14 04:39:00","bão yagi đã đổ bộ vào các tỉnh miền bắc với sức gió mạnh nhất",362,11,0,"vi"
"Twitter_1778643616205_18","Twitter","user_455","User 85","2024-09-17 10:05:00","bão quá mạnh  thiệt hại quá lớn  nhiều người mất nhà cửa",245,26,1,"vi"
"Twitter_1778643616205_12","Twitter","user_43","User 288","2024-09-08 14:31:00","người dân vùng lũ đang rất cần được cứu trợ khẩn cấp  chưa thấy ai đến",121,27,39,"vi"
"Twitter_1778643616206_5","Twitter","user_856","User 604","2024-09-19 10:25:00","tinh thần đoàn kết của người việt thật đáng khâm phục  mọi người cùng giúp đỡ nhau",90,35,49,"vi"
"Twitter_1778643616206_4","Twitter","user_397","User 947","2024-09-14 09:12:00","cơ sở hạ tầng bị phá hủy nghiêm trọng  cầu đường sạt lở nặng",257,3,32,"vi"
"Twitter_1778643616206_7","Twitter","user_535","User 552","2024-09-14 06:12:00","theo dự báo  bão sẽ suy yếu dần trong 24 giờ tới",470,9,22,"vi"
"Twitter_1778643616206_3","Twitter","user_606","User 776","2024-09-26 02:27:00","nhà cửa bị sập hoàn toàn sau bão  không biết bao giờ mới xây lại được",399,46,24,"vi"
"Twitter_1778643616206_12","Twitter","user_518","User 416","2024-09-27 15:05:00","cảm ơn các nhà hảo tâm đã gửi thực phẩm và nước uống đến vùng lũ",139,89,42,"vi"
"Twitter_1778643616206_17","Twitter","user_69","User 993","2024-09-18 15:32:00","các đơn vị đang khẩn trương khắc phục hậu quả bão  rất đáng khen ngợi",197,44,28,"vi"
"Twitter_1778643616206_8","Twitter","user_309","User 232","2024-09-19 10:33:00","hàng cứu trợ đã đến kịp thời  cảm ơn tấm lòng hảo tâm của mọi người",175,15,25,"vi"
"Twitter_1778643616206_9","Twitter","user_815","User 894","2024-09-08 03:13:00","cảm ơn các nhà hảo tâm đã gửi thực phẩm và nước uống đến vùng lũ",265,44,7,"vi"
"Twitter_1778643616206_18","Twitter","user_905","User 632","2024-09-18 12:34:00","bão yagi đã đổ bộ vào các tỉnh miền bắc với sức gió mạnh nhất",218,28,27,"vi"
"Twitter_1778643616206_16","Twitter","user_207","User 804","2024-09-29 16:11:00","các đơn vị đang khẩn trương khắc phục hậu quả bão  rất đáng khen ngợi",421,23,28,"vi"
"Twitter_1778643616206_11","Twitter","user_661","User 531","2024-09-29 03:42:00","cảm ơn đội cứu hộ đã giúp đỡ người dân vùng lũ  thật tuyệt vời",207,48,42,"vi"
"Twitter_1778643616206_6","Twitter","user_821","User 244","2024-09-24 10:01:00","cảm ơn các nhà hảo tâm đã gửi thực phẩm và nước uống đến vùng lũ",462,69,5,"vi"
"Twitter_1778643616206_13","Twitter","user_393","User 951","2024-09-23 09:45:00","bão yagi đã đổ bộ vào các tỉnh miền bắc với sức gió mạnh nhất",80,25,19,"vi"
"Twitter_1778643616206_14","Twitter","user_674","User 576","2024-09-12 03:54:00","hàng cứu trợ đến chậm  phân phối không công bằng",408,23,24,"vi"
"Twitter_1778643616206_10","Twitter","user_558","User 540","2024-09-14 10:17:00","nhà cửa bị sập hoàn toàn sau bão  không biết bao giờ mới xây lại được",233,31,44,"vi"
"Twitter_1778643616206_19","Twitter","user_220","User 562","2024-09-24 10:53:00","tinh thần đoàn kết của người việt thật đáng khâm phục  mọi người cùng giúp đỡ nhau",2,29,12,"vi"
"Twitter_1778643616206_15","Twitter","user_369","User 527","2024-09-07 09:06:00","đội ngũ y tế đang làm việc không mệt mỏi để cứu chữa người bị thương",430,8,36,"vi"
"Twitter_1778643616206_1","Twitter","user_911","User 309","2024-09-10 07:05:00","tinh thần đoàn kết của người việt thật đáng khâm phục  mọi người cùng giúp đỡ nhau",251,40,41,"vi"
"Twitter_1778643616206_2","Twitter","user_173","User 879","2024-09-13 23:29:00","đội ngũ y tế đang làm việc không mệt mỏi để cứu chữa người bị thương",398,10,41,"vi"
"Twitter_1778643616206_0","Twitter","user_338","User 855","2024-09-24 22:48:00","nhà cửa bị sập hoàn toàn sau bão  không biết bao giờ mới xây lại được",464,11,35,"vi"
"Twitter_1778643616207_19","Twitter","user_299","User 558","2024-09-10 07:02:00","hàng cứu trợ đến chậm  phân phối không công bằng",351,92,8,"vi"
"Twitter_1778643616207_18","Twitter","user_865","User 690","2024-09-28 14:27:00","hàng cứu trợ đã đến kịp thời  cảm ơn tấm lòng hảo tâm của mọi người",363,94,8,"vi"
"Twitter_1778643616207_12","Twitter","user_35","User 911","2024-09-24 13:46:00","các đơn vị đang khẩn trương khắc phục hậu quả bão  rất đáng khen ngợi",12,9,38,"vi"
"Twitter_1778643616207_17","Twitter","user_640","User 643","2024-09-28 00:27:00","hàng cứu trợ đến chậm  phân phối không công bằng",182,79,24,"vi"
"Twitter_1778643616207_15","Twitter","user_585","User 739","2024-09-17 11:03:00","đội ngũ y tế đang làm việc không mệt mỏi để cứu chữa người bị thương",81,36,29,"vi"
"Twitter_1778643616207_16","Twitter","user_169","User 662","2024-09-18 23:51:00","mất điện  mất nước đã 3 ngày  cuộc sống vô cùng khó khăn",344,35,37,"vi"
"Twitter_1778643616207_13","Twitter","user_591","User 960","2024-09-20 01:11:00","theo dự báo  bão sẽ suy yếu dần trong 24 giờ tới",365,68,6,"vi"
"Twitter_1778643616207_11","Twitter","user_244","User 411","2024-09-09 02:26:00","mất điện  mất nước đã 3 ngày  cuộc sống vô cùng khó khăn",469,34,19,"vi"
"Twitter_1778643616207_14","Twitter","user_740","User 834","2024-09-17 09:48:00","cảm ơn các nhà hảo tâm đã gửi thực phẩm và nước uống đến vùng lũ",369,62,16,"vi"
"Twitter_1778643616207_3","Twitter","user_25","User 13","2024-09-25 19:59:00","cơ sở hạ tầng bị phá hủy nghiêm trọng  cầu đường sạt lở nặng",100,89,21,"vi"
"Twitter_1778643616207_5","Twitter","user_877","User 545","2024-09-07 05:52:00","đội ngũ y tế đang làm việc không mệt mỏi để cứu chữa người bị thương",184,11,15,"vi"
"Twitter_1778643616207_7","Twitter","user_629","User 301","2024-09-27 12:52:00","người dân vùng lũ đang rất cần được cứu trợ khẩn cấp  chưa thấy ai đến",118,81,7,"vi"
"Twitter_1778643616207_8","Twitter","user_748","User 454","2024-09-30 21:15:00","hàng cứu trợ đã đến kịp thời  cảm ơn tấm lòng hảo tâm của mọi người",346,70,47,"vi"
"Twitter_1778643616207_0","Twitter","user_660","User 434","2024-09-26 03:03:00","hàng cứu trợ đã đến kịp thời  cảm ơn tấm lòng hảo tâm của mọi người",477,72,20,"vi"
"Twitter_1778643616207_6","Twitter","user_466","User 75","2024-09-24 22:28:00","bão quá mạnh  thiệt hại quá lớn  nhiều người mất nhà cửa",377,81,48,"vi"
"Twitter_1778643616207_9","Twitter","user_465","User 91","2024-09-12 12:37:00","chính quyền đã hỗ trợ tiền mặt kịp thời cho các hộ dân bị thiệt hại",437,68,22,"vi"
"Twitter_1778643616207_10","Twitter","user_920","User 940","2024-09-07 21:09:00","đội ngũ y tế đang làm việc không mệt mỏi để cứu chữa người bị thương",266,4,23,"vi"
"Twitter_1778643616207_2","Twitter","user_948","User 53","2024-09-20 04:09:00","theo dự báo  bão sẽ suy yếu dần trong 24 giờ tới",185,93,45,"vi"
"Twitter_1778643616207_4","Twitter","user_25","User 679","2024-09-18 09:45:00","cảm ơn đội cứu hộ đã giúp đỡ người dân vùng lũ  thật tuyệt vời",265,2,42,"vi"
"Twitter_1778643616207_1","Twitter","user_768","User 357","2024-09-21 08:34:00","nhà cửa bị sập hoàn toàn sau bão  không biết bao giờ mới xây lại được",358,44,27,"vi"
"Twitter_1778643616208_8","Twitter","user_557","User 150","2024-09-28 15:15:00","đội ngũ y tế đang làm việc không mệt mỏi để cứu chữa người bị thương",34,74,12,"vi"
"Twitter_1778643616208_7","Twitter","user_967","User 482","2024-09-30 20:36:00","tinh thần đoàn kết của người việt thật đáng khâm phục  mọi người cùng giúp đỡ nhau",354,69,26,"vi"
"Twitter_1778643616208_13","Twitter","user_194","User 969","2024-09-24 05:46:00","tinh thần đoàn kết của người việt thật đáng khâm phục  mọi người cùng giúp đỡ nhau",385,20,36,"vi"
"Twitter_1778643616208_9","Twitter","user_159","User 780","2024-09-29 14:59:00","đường sá bị ngập nặng  giao thông tê liệt hoàn toàn  không thể di chuyển",71,51,47,"vi"
"Twitter_1778643616208_12","Twitter","user_813","User 898","2024-09-21 15:46:00","đội ngũ y tế đang làm việc không mệt mỏi để cứu chữa người bị thương",298,29,45,"vi"
"Twitter_1778643616208_10","Twitter","user_665","User 671","2024-09-22 16:40:00","các đơn vị đang khẩn trương khắc phục hậu quả bão  rất đáng khen ngợi",90,43,31,"vi"
"Twitter_1778643616208_14","Twitter","user_238","User 817","2024-09-15 11:12:00","đường sá bị ngập nặng  giao thông tê liệt hoàn toàn  không thể di chuyển",333,50,34,"vi"
"Twitter_1778643616208_16","Twitter","user_891","User 751","2024-09-14 07:00:00","bão quá mạnh  thiệt hại quá lớn  nhiều người mất nhà cửa",341,54,40,"vi"
"Twitter_1778643616208_15","Twitter","user_266","User 699","2024-09-29 20:26:00","bão quá mạnh  thiệt hại quá lớn  nhiều người mất nhà cửa",212,43,41,"vi"
"Twitter_1778643616208_19","Twitter","user_523","User 721","2024-09-28 07:38:00","hàng cứu trợ đã đến kịp thời  cảm ơn tấm lòng hảo tâm của mọi người",271,5,25,"vi"
"Twitter_1778643616208_17","Twitter","user_754","User 117","2024-09-24 15:21:00","bão quá mạnh  thiệt hại quá lớn  nhiều người mất nhà cửa",492,96,47,"vi"
"Twitter_1778643616208_18","Twitter","user_744","User 11","2024-09-06 11:37:00","theo dự báo  bão sẽ suy yếu dần trong 24 giờ tới",470,50,20,"vi"
"Twitter_1778643616208_11","Twitter","user_224","User 176","2024-09-17 04:42:00","các đơn vị đang khẩn trương khắc phục hậu quả bão  rất đáng khen ngợi",156,65,36,"vi"
"Twitter_1778643616208_0","Twitter","user_614","User 984","2024-09-06 13:54:00","hàng cứu trợ đã đến kịp thời  cảm ơn tấm lòng hảo tâm của mọi người",317,30,19,"vi"
"Twitter_1778643616208_6","Twitter","user_959","User 856","2024-09-29 16:44:00","mất điện  mất nước đã 3 ngày  cuộc sống vô cùng khó khăn",487,11,18,"vi"
"Twitter_1778643616208_3","Twitter","user_444","User 821","2024-09-12 10:26:00","tinh thần đoàn kết của người việt thật đáng khâm phục  mọi người cùng giúp đỡ nhau",203,22,14,"vi"
"Twitter_1778643616208_5","Twitter","user_788","User 548","2024-09-21 08:22:00","là chủ đề đang được quan tâm",251,7,13,"vi"
"Twitter_1778643616208_4","Twitter","user_563","User 29","2024-09-19 04:49:00","cảm ơn đội cứu hộ đã giúp đỡ người dân vùng lũ  thật tuyệt vời",468,21,30,"vi"
"Twitter_1778643616208_1","Twitter","user_781","User 26","2024-09-22 19:57:00","cảm ơn đội cứu hộ đã giúp đỡ người dân vùng lũ  thật tuyệt vời",313,55,40,"vi"
"Twitter_1778643616208_2","Twitter","user_127","User 487","2024-09-07 22:45:00","chính quyền đã hỗ trợ tiền mặt kịp thời cho các hộ dân bị thiệt hại",439,18,5,"vi"
"Twitter_1778643616209_15","Twitter","user_411","User 763","2024-09-22 10:30:00","cảm ơn các nhà hảo tâm đã gửi thực phẩm và nước uống đến vùng lũ",118,98,47,"vi"
"Twitter_1778643616209_18","Twitter","user_870","User 535","2024-09-07 06:41:00","cảm ơn các nhà hảo tâm đã gửi thực phẩm và nước uống đến vùng lũ",398,51,0,"vi"
"Twitter_1778643616209_14","Twitter","user_508","User 8","2024-09-11 04:44:00","mất điện  mất nước đã 3 ngày  cuộc sống vô cùng khó khăn",473,76,14,"vi"
"Twitter_1778643616209_19","Twitter","user_831","User 120","2024-09-23 14:22:00","đường sá bị ngập nặng  giao thông tê liệt hoàn toàn  không thể di chuyển",66,23,25,"vi"
"Twitter_1778643616209_17","Twitter","user_900","User 56","2024-09-14 14:55:00","hàng cứu trợ đã đến kịp thời  cảm ơn tấm lòng hảo tâm của mọi người",145,42,16,"vi"
"Twitter_1778643616209_16","Twitter","user_743","User 633","2024-09-24 03:11:00","chính quyền đã hỗ trợ tiền mặt kịp thời cho các hộ dân bị thiệt hại",231,16,44,"vi"
"Twitter_1778643616209_4","Twitter","user_605","User 105","2024-09-06 10:42:00","các đơn vị đang khẩn trương khắc phục hậu quả bão  rất đáng khen ngợi",294,75,1,"vi"
"Twitter_1778643616209_13","Twitter","user_365","User 638","2024-09-09 01:02:00","người dân vùng lũ đang rất cần được cứu trợ khẩn cấp  chưa thấy ai đến",156,65,30,"vi"
"Twitter_1778643616209_2","Twitter","user_755","User 227","2024-09-12 04:41:00","theo dự báo  bão sẽ suy yếu dần trong 24 giờ tới",389,65,23,"vi"
"Twitter_1778643616209_10","Twitter","user_178","User 42","2024-09-13 08:09:00","theo dự báo  bão sẽ suy yếu dần trong 24 giờ tới",184,64,7,"vi"
"Twitter_1778643616209_8","Twitter","user_138","User 215","2024-09-13 08:37:00","tinh thần đoàn kết của người việt thật đáng khâm phục  mọi người cùng giúp đỡ nhau",471,30,31,"vi"
"Twitter_1778643616209_7","Twitter","user_868","User 381","2024-09-15 04:26:00","mất điện  mất nước đã 3 ngày  cuộc sống vô cùng khó khăn",77,69,9,"vi"
"Twitter_1778643616209_1","Twitter","user_935","User 570","2024-09-15 06:23:00","người dân vùng lũ đang rất cần được cứu trợ khẩn cấp  chưa thấy ai đến",121,3,15,"vi"
"Twitter_1778643616209_6","Twitter","user_873","User 758","2024-09-16 11:12:00","là chủ đề đang được quan tâm",227,94,15,"vi"
"Twitter_1778643616209_0","Twitter","user_800","User 889","2024-09-18 03:43:00","hàng cứu trợ đã đến kịp thời  cảm ơn tấm lòng hảo tâm của mọi người",281,68,10,"vi"
"Twitter_1778643616209_5","Twitter","user_436","User 166","2024-09-18 15:38:00","hàng cứu trợ đến chậm  phân phối không công bằng",376,47,16,"vi"
"Twitter_1778643616209_3","Twitter","user_798","User 147","2024-09-20 08:27:00","cơ sở hạ tầng bị phá hủy nghiêm trọng  cầu đường sạt lở nặng",176,2,44,"vi"
"Twitter_1778643616209_9","Twitter","user_923","User 598","2024-09-23 16:06:00","cơ sở hạ tầng bị phá hủy nghiêm trọng  cầu đường sạt lở nặng",174,65,13,"vi"
"Twitter_1778643616209_12","Twitter","user_908","User 869","2024-09-25 16:43:00","bão yagi đã đổ bộ vào các tỉnh miền bắc với sức gió mạnh nhất",171,75,14,"vi"
"Twitter_1778643616209_11","Twitter","user_879","User 46","2024-09-25 19:31:00","cảm ơn các nhà hảo tâm đã gửi thực phẩm và nước uống đến vùng lũ",453,25,45,"vi"
"Facebook_1778643616212_16","Facebook","user_165","User 641","2024-09-06 02:53:00","chính quyền đã hỗ trợ tiền mặt kịp thời cho các hộ dân bị thiệt hại",488,5,31,"vi"
"Facebook_1778643616212_11","Facebook","user_910","User 840","2024-09-15 11:32:00","hàng cứu trợ đến chậm  phân phối không công bằng",430,53,42,"vi"
"Facebook_1778643616212_7","Facebook","user_261","User 803","2024-09-28 13:48:00","người dân vùng lũ đang rất cần được cứu trợ khẩn cấp  chưa thấy ai đến",330,26,12,"vi"
"Facebook_1778643616212_4","Facebook","user_388","User 412","2024-09-06 14:02:00","mất điện  mất nước đã 3 ngày  cuộc sống vô cùng khó khăn",326,43,6,"vi"
"Facebook_1778643616212_1","Facebook","user_522","User 227","2024-09-09 16:41:00","cảm ơn các nhà hảo tâm đã gửi thực phẩm và nước uống đến vùng lũ",126,42,46,"vi"
"Facebook_1778643616212_19","Facebook","user_653","User 655","2024-09-13 17:19:00","bão yagi đã đổ bộ vào các tỉnh miền bắc với sức gió mạnh nhất",262,65,10,"vi"
"Facebook_1778643616212_9","Facebook","user_729","User 720","2024-09-16 10:45:00","theo dự báo  bão sẽ suy yếu dần trong 24 giờ tới",483,90,15,"vi"
"Facebook_1778643616212_18","Facebook","user_509","User 502","2024-09-16 07:29:00","đường sá bị ngập nặng  giao thông tê liệt hoàn toàn  không thể di chuyển",482,27,17,"vi"
"Facebook_1778643616212_2","Facebook","user_297","User 790","2024-09-29 18:11:00","người dân vùng lũ đang rất cần được cứu trợ khẩn cấp  chưa thấy ai đến",103,59,12,"vi"
"Facebook_1778643616212_5","Facebook","user_161","User 738","2024-09-06 18:55:00","bão số 3 là chủ đề đang được quan tâm",106,12,3,"vi"
"Facebook_1778643616212_15","Facebook","user_320","User 45","2024-09-19 14:45:00","bão quá mạnh  thiệt hại quá lớn  nhiều người mất nhà cửa",223,16,2,"vi"
"Facebook_1778643616212_0","Facebook","user_3","User 897","2024-09-14 05:38:00","chính quyền đã hỗ trợ tiền mặt kịp thời cho các hộ dân bị thiệt hại",92,71,37,"vi"
"Facebook_1778643616212_6","Facebook","user_539","User 440","2024-09-20 10:17:00","hàng cứu trợ đã đến kịp thời  cảm ơn tấm lòng hảo tâm của mọi người",76,82,19,"vi"
"Facebook_1778643616212_12","Facebook","user_989","User 631","2024-09-23 02:23:00","chính quyền đã hỗ trợ tiền mặt kịp thời cho các hộ dân bị thiệt hại",89,64,32,"vi"
"Facebook_1778643616212_10","Facebook","user_907","User 224","2024-09-16 11:02:00","cơ sở hạ tầng bị phá hủy nghiêm trọng  cầu đường sạt lở nặng",215,58,44,"vi"
"Facebook_1778643616212_14","Facebook","user_529","User 873","2024-09-24 06:19:00","nhà cửa bị sập hoàn toàn sau bão  không biết bao giờ mới xây lại được",455,89,16,"vi"
"Facebook_1778643616212_13","Facebook","user_647","User 247","2024-09-24 13:58:00","bão yagi đã đổ bộ vào các tỉnh miền bắc với sức gió mạnh nhất",158,52,44,"vi"
"Facebook_1778643616212_3","Facebook","user_323","User 92","2024-09-06 15:09:00","hàng cứu trợ đã đến kịp thời  cảm ơn tấm lòng hảo tâm của mọi người",422,85,8,"vi"
"Facebook_1778643616212_17","Facebook","user_916","User 854","2024-09-27 01:01:00","theo dự báo  bão sẽ suy yếu dần trong 24 giờ tới",440,13,36,"vi"
"Facebook_1778643616212_8","Facebook","user_30","User 412","2024-09-20 06:22:00","cảm ơn các nhà hảo tâm đã gửi thực phẩm và nước uống đến vùng lũ",34,61,10,"vi"
"Facebook_1778643616213_17","Facebook","user_5","User 427","2024-09-24 09:34:00","typhoon yagi là chủ đề đang được quan tâm",224,58,43,"vi"
"Facebook_1778643616213_13","Facebook","user_94","User 35","2024-09-12 05:24:00","tinh thần đoàn kết của người việt thật đáng khâm phục  mọi người cùng giúp đỡ nhau",89,15,21,"vi"
"Facebook_1778643616213_12","Facebook","user_240","User 866","2024-09-13 16:25:00","nhà cửa bị sập hoàn toàn sau bão  không biết bao giờ mới xây lại được",108,85,10,"vi"
"Facebook_1778643616213_15","Facebook","user_60","User 663","2024-09-17 22:53:00","mất điện  mất nước đã 3 ngày  cuộc sống vô cùng khó khăn",64,63,14,"vi"
"Facebook_1778643616213_18","Facebook","user_79","User 11","2024-09-13 02:38:00","hàng cứu trợ đến chậm  phân phối không công bằng",102,28,36,"vi"
"Facebook_1778643616213_19","Facebook","user_784","User 875","2024-09-30 05:46:00","đường sá bị ngập nặng  giao thông tê liệt hoàn toàn  không thể di chuyển",157,61,27,"vi"
"Facebook_1778643616213_14","Facebook","user_996","User 223","2024-09-13 13:22:00","nhà cửa bị sập hoàn toàn sau bão  không biết bao giờ mới xây lại được",490,30,41,"vi"
"Facebook_1778643616213_16","Facebook","user_121","User 433","2024-09-23 00:18:00","cơ sở hạ tầng bị phá hủy nghiêm trọng  cầu đường sạt lở nặng",193,79,29,"vi"
"Facebook_1778643616213_9","Facebook","user_169","User 206","2024-09-08 02:40:00","mất điện  mất nước đã 3 ngày  cuộc sống vô cùng khó khăn",32,37,6,"vi"
"Facebook_1778643616213_8","Facebook","user_862","User 485","2024-09-14 19:50:00","chính quyền đã hỗ trợ tiền mặt kịp thời cho các hộ dân bị thiệt hại",439,80,29,"vi"
"Facebook_1778643616213_4","Facebook","user_860","User 339","2024-09-22 06:55:00","cảm ơn các nhà hảo tâm đã gửi thực phẩm và nước uống đến vùng lũ",272,25,4,"vi"
"Facebook_1778643616213_5","Facebook","user_653","User 116","2024-09-10 14:00:00","typhoon yagi là chủ đề đang được quan tâm",198,67,30,"vi"
"Facebook_1778643616213_11","Facebook","user_920","User 191","2024-09-22 16:06:00","cảm ơn các nhà hảo tâm đã gửi thực phẩm và nước uống đến vùng lũ",10,56,21,"vi"
"Facebook_1778643616213_2","Facebook","user_898","User 974","2024-09-19 23:27:00","hàng cứu trợ đến chậm  phân phối không công bằng",55,54,0,"vi"
"Facebook_1778643616213_1","Facebook","user_229","User 562","2024-09-28 10:44:00","chính quyền đã hỗ trợ tiền mặt kịp thời cho các hộ dân bị thiệt hại",303,66,47,"vi"
"Facebook_1778643616213_3","Facebook","user_640","User 662","2024-09-25 09:00:00","typhoon yagi là chủ đề đang được quan tâm",140,47,44,"vi"
"Facebook_1778643616213_7","Facebook","user_802","User 196","2024-09-15 16:49:00","cảm ơn đội cứu hộ đã giúp đỡ người dân vùng lũ  thật tuyệt vời",232,43,41,"vi"
"Facebook_1778643616213_6","Facebook","user_98","User 230","2024-09-24 15:41:00","hàng cứu trợ đã đến kịp thời  cảm ơn tấm lòng hảo tâm của mọi người",152,15,33,"vi"
"Facebook_1778643616213_10","Facebook","user_822","User 988","2024-09-07 23:30:00","mất điện  mất nước đã 3 ngày  cuộc sống vô cùng khó khăn",88,34,14,"vi"
"Facebook_1778643616213_0","Facebook","user_668","User 883","2024-09-12 01:43:00","hàng cứu trợ đến chậm  phân phối không công bằng",365,57,28,"vi"
"Facebook_1778643616214_0","Facebook","user_753","User 787","2024-09-21 15:43:00","cơ sở hạ tầng bị phá hủy nghiêm trọng  cầu đường sạt lở nặng",23,67,1,"vi"
"Facebook_1778643616214_15","Facebook","user_432","User 201","2024-09-30 13:18:00","mất điện  mất nước đã 3 ngày  cuộc sống vô cùng khó khăn",158,98,6,"vi"
"Facebook_1778643616214_1","Facebook","user_902","User 670","2024-09-29 09:47:00","tinh thần đoàn kết của người việt thật đáng khâm phục  mọi người cùng giúp đỡ nhau",186,17,37,"vi"
"Facebook_1778643616214_16","Facebook","user_152","User 171","2024-09-17 17:48:00","cảm ơn đội cứu hộ đã giúp đỡ người dân vùng lũ  thật tuyệt vời",21,19,12,"vi"
"Facebook_1778643616214_5","Facebook","user_716","User 770","2024-09-12 01:34:00","cơ sở hạ tầng bị phá hủy nghiêm trọng  cầu đường sạt lở nặng",369,78,18,"vi"
"Facebook_1778643616214_11","Facebook","user_878","User 126","2024-09-24 20:10:00","theo dự báo  bão sẽ suy yếu dần trong 24 giờ tới",392,85,19,"vi"
"Facebook_1778643616214_10","Facebook","user_744","User 662","2024-09-08 17:22:00","các đơn vị đang khẩn trương khắc phục hậu quả bão  rất đáng khen ngợi",151,93,16,"vi"
"Facebook_1778643616214_17","Facebook","user_540","User 761","2024-09-19 00:23:00","nhà cửa bị sập hoàn toàn sau bão  không biết bao giờ mới xây lại được",161,35,23,"vi"
"Facebook_1778643616214_3","Facebook","user_188","User 802","2024-09-19 07:56:00","theo dự báo  bão sẽ suy yếu dần trong 24 giờ tới",150,70,41,"vi"
"Facebook_1778643616214_9","Facebook","user_643","User 33","2024-09-19 12:07:00","theo dự báo  bão sẽ suy yếu dần trong 24 giờ tới",465,83,4,"vi"
"Facebook_1778643616214_6","Facebook","user_516","User 968","2024-09-14 04:40:00","cảm ơn các nhà hảo tâm đã gửi thực phẩm và nước uống đến vùng lũ",168,34,10,"vi"
"Facebook_1778643616214_4","Facebook","user_775","User 74","2024-09-16 15:44:00","bão yagi đã đổ bộ vào các tỉnh miền bắc với sức gió mạnh nhất",292,21,12,"vi"
"Facebook_1778643616214_19","Facebook","user_737","User 910","2024-09-16 06:43:00","người dân vùng lũ đang rất cần được cứu trợ khẩn cấp  chưa thấy ai đến",165,78,6,"vi"
"Facebook_1778643616214_13","Facebook","user_414","User 668","2024-09-16 09:10:00","theo dự báo  bão sẽ suy yếu dần trong 24 giờ tới",288,75,14,"vi"
"Facebook_1778643616214_2","Facebook","user_199","User 658","2024-09-27 09:39:00","nhà cửa bị sập hoàn toàn sau bão  không biết bao giờ mới xây lại được",88,36,8,"vi"
"Facebook_1778643616214_7","Facebook","user_291","User 709","2024-09-24 11:56:00","đội ngũ y tế đang làm việc không mệt mỏi để cứu chữa người bị thương",491,29,18,"vi"
"Facebook_1778643616214_8","Facebook","user_833","User 341","2024-09-08 03:28:00","theo dự báo  bão sẽ suy yếu dần trong 24 giờ tới",333,67,6,"vi"
"Facebook_1778643616214_18","Facebook","user_372","User 51","2024-09-30 20:43:00","cơ sở hạ tầng bị phá hủy nghiêm trọng  cầu đường sạt lở nặng",139,59,4,"vi"
"Facebook_1778643616214_12","Facebook","user_972","User 632","2024-09-16 15:22:00","bão quá mạnh  thiệt hại quá lớn  nhiều người mất nhà cửa",449,99,46,"vi"
"Facebook_1778643616214_14","Facebook","user_172","User 959","2024-09-10 03:09:00","mất điện  mất nước đã 3 ngày  cuộc sống vô cùng khó khăn",467,0,15,"vi"
"Facebook_1778643616215_12","Facebook","user_267","User 356","2024-09-28 22:15:00","người dân vùng lũ đang rất cần được cứu trợ khẩn cấp  chưa thấy ai đến",144,82,9,"vi"
"Facebook_1778643616215_0","Facebook","user_712","User 27","2024-09-12 15:29:00","mất điện  mất nước đã 3 ngày  cuộc sống vô cùng khó khăn",67,36,48,"vi"
"Facebook_1778643616215_1","Facebook","user_284","User 491","2024-09-28 06:36:00","mất điện  mất nước đã 3 ngày  cuộc sống vô cùng khó khăn",198,30,25,"vi"
"Facebook_1778643616215_7","Facebook","user_148","User 398","2024-09-24 20:44:00","sạt lở là chủ đề đang được quan tâm",113,37,45,"vi"
"Facebook_1778643616215_14","Facebook","user_854","User 916","2024-09-22 08:58:00","cảm ơn các nhà hảo tâm đã gửi thực phẩm và nước uống đến vùng lũ",225,0,40,"vi"
"Facebook_1778643616215_13","Facebook","user_621","User 58","2024-09-21 12:24:00","bão yagi đã đổ bộ vào các tỉnh miền bắc với sức gió mạnh nhất",30,56,15,"vi"
"Facebook_1778643616215_15","Facebook","user_70","User 660","2024-09-06 21:35:00","hàng cứu trợ đã đến kịp thời  cảm ơn tấm lòng hảo tâm của mọi người",100,29,3,"vi"
"Facebook_1778643616215_16","Facebook","user_589","User 81","2024-09-28 03:03:00","hàng cứu trợ đến chậm  phân phối không công bằng",210,1,42,"vi"
"Facebook_1778643616215_11","Facebook","user_547","User 713","2024-09-29 02:04:00","tinh thần đoàn kết của người việt thật đáng khâm phục  mọi người cùng giúp đỡ nhau",90,66,7,"vi"
"Facebook_1778643616215_5","Facebook","user_632","User 74","2024-09-13 03:21:00","đội ngũ y tế đang làm việc không mệt mỏi để cứu chữa người bị thương",362,18,46,"vi"
"Facebook_1778643616215_17","Facebook","user_524","User 892","2024-09-07 17:36:00","cơ sở hạ tầng bị phá hủy nghiêm trọng  cầu đường sạt lở nặng",462,80,10,"vi"
"Facebook_1778643616215_4","Facebook","user_610","User 127","2024-09-20 01:46:00","người dân vùng lũ đang rất cần được cứu trợ khẩn cấp  chưa thấy ai đến",148,63,9,"vi"
"Facebook_1778643616215_10","Facebook","user_551","User 256","2024-09-13 23:09:00","theo dự báo  bão sẽ suy yếu dần trong 24 giờ tới",480,98,27,"vi"
"Facebook_1778643616215_19","Facebook","user_371","User 343","2024-09-09 11:25:00","tinh thần đoàn kết của người việt thật đáng khâm phục  mọi người cùng giúp đỡ nhau",126,42,16,"vi"
"Facebook_1778643616215_3","Facebook","user_105","User 626","2024-09-19 23:50:00","sạt lở là chủ đề đang được quan tâm",340,34,5,"vi"
"Facebook_1778643616215_18","Facebook","user_314","User 753","2024-09-11 04:29:00","cảm ơn đội cứu hộ đã giúp đỡ người dân vùng lũ  thật tuyệt vời",199,5,13,"vi"
"Facebook_1778643616215_9","Facebook","user_0","User 486","2024-09-19 07:23:00","bão yagi đã đổ bộ vào các tỉnh miền bắc với sức gió mạnh nhất",236,80,40,"vi"
"Facebook_1778643616215_8","Facebook","user_304","User 805","2024-09-06 08:28:00","bão yagi đã đổ bộ vào các tỉnh miền bắc với sức gió mạnh nhất",25,12,1,"vi"
"Facebook_1778643616215_6","Facebook","user_634","User 270","2024-09-23 17:51:00","đội ngũ y tế đang làm việc không mệt mỏi để cứu chữa người bị thương",294,77,23,"vi"
"Facebook_1778643616215_2","Facebook","user_966","User 962","2024-09-06 13:05:00","tinh thần đoàn kết của người việt thật đáng khâm phục  mọi người cùng giúp đỡ nhau",496,94,29,"vi"
"Facebook_1778643616216_3","Facebook","user_30","User 357","2024-09-09 06:35:00","cảm ơn đội cứu hộ đã giúp đỡ người dân vùng lũ  thật tuyệt vời",160,77,26,"vi"
"Facebook_1778643616216_17","Facebook","user_148","User 908","2024-09-22 00:24:00","cảm ơn đội cứu hộ đã giúp đỡ người dân vùng lũ  thật tuyệt vời",352,72,49,"vi"
"Facebook_1778643616216_19","Facebook","user_195","User 262","2024-09-18 04:02:00","các đơn vị đang khẩn trương khắc phục hậu quả bão  rất đáng khen ngợi",93,33,4,"vi"
"Facebook_1778643616216_1","Facebook","user_286","User 319","2024-09-22 17:05:00","mất điện  mất nước đã 3 ngày  cuộc sống vô cùng khó khăn",157,92,0,"vi"
"Facebook_1778643616216_4","Facebook","user_955","User 986","2024-09-20 00:35:00","cứu nạn là chủ đề đang được quan tâm",119,8,6,"vi"
"Facebook_1778643616216_10","Facebook","user_993","User 613","2024-09-26 08:58:00","bão quá mạnh  thiệt hại quá lớn  nhiều người mất nhà cửa",425,26,0,"vi"
"Facebook_1778643616216_12","Facebook","user_578","User 305","2024-09-26 22:11:00","cơ sở hạ tầng bị phá hủy nghiêm trọng  cầu đường sạt lở nặng",159,64,42,"vi"
"Facebook_1778643616216_13","Facebook","user_199","User 839","2024-09-11 05:27:00","cứu hộ là chủ đề đang được quan tâm",430,57,39,"vi"
"Facebook_1778643616216_11","Facebook","user_702","User 342","2024-09-16 21:28:00","cơ sở hạ tầng bị phá hủy nghiêm trọng  cầu đường sạt lở nặng",213,64,25,"vi"
"Facebook_1778643616216_15","Facebook","user_789","User 762","2024-09-24 02:48:00","hàng cứu trợ đến chậm  phân phối không công bằng",479,20,42,"vi"
"Facebook_1778643616216_16","Facebook","user_919","User 424","2024-09-13 16:11:00","hàng cứu trợ đến chậm  phân phối không công bằng",303,16,25,"vi"
"Facebook_1778643616216_8","Facebook","user_576","User 919","2024-09-07 19:03:00","theo dự báo  bão sẽ suy yếu dần trong 24 giờ tới",381,38,38,"vi"
"Facebook_1778643616216_18","Facebook","user_444","User 659","2024-09-30 07:04:00","cơ sở hạ tầng bị phá hủy nghiêm trọng  cầu đường sạt lở nặng",457,35,7,"vi"
"Facebook_1778643616216_7","Facebook","user_332","User 242","2024-09-24 20:30:00","người dân vùng lũ đang rất cần được cứu trợ khẩn cấp  chưa thấy ai đến",371,64,1,"vi"
"Facebook_1778643616216_14","Facebook","user_44","User 787","2024-09-19 03:15:00","chính quyền đã hỗ trợ tiền mặt kịp thời cho các hộ dân bị thiệt hại",464,98,18,"vi"
"Facebook_1778643616216_9","Facebook","user_406","User 445","2024-09-25 21:19:00","cảm ơn đội cứu hộ đã giúp đỡ người dân vùng lũ  thật tuyệt vời",243,94,31,"vi"
"Facebook_1778643616216_2","Facebook","user_265","User 687","2024-09-17 00:57:00","các đơn vị đang khẩn trương khắc phục hậu quả bão  rất đáng khen ngợi",165,97,48,"vi"
"Facebook_1778643616216_6","Facebook","user_749","User 239","2024-09-27 12:55:00","hàng cứu trợ đã đến kịp thời  cảm ơn tấm lòng hảo tâm của mọi người",442,82,35,"vi"
"Facebook_1778643616216_5","Facebook","user_219","User 207","2024-09-25 04:05:00","mất điện  mất nước đã 3 ngày  cuộc sống vô cùng khó khăn",107,58,21,"vi"
"Facebook_1778643616216_0","Facebook","user_902","User 424","2024-09-16 00:31:00","tinh thần đoàn kết của người việt thật đáng khâm phục  mọi người cùng giúp đỡ nhau",436,86,35,"vi"
"Facebook_1778643616217_17","Facebook","user_448","User 106","2024-09-24 15:02:00","bão quá mạnh  thiệt hại quá lớn  nhiều người mất nhà cửa",89,6,10,"vi"
"Facebook_1778643616217_10","Facebook","user_403","User 953","2024-09-26 21:09:00","cảm ơn các nhà hảo tâm đã gửi thực phẩm và nước uống đến vùng lũ",106,42,47,"vi"
"Facebook_1778643616217_19","Facebook","user_626","User 795","2024-09-07 05:11:00","bão yagi đã đổ bộ vào các tỉnh miền bắc với sức gió mạnh nhất",424,12,10,"vi"
"Facebook_1778643616217_15","Facebook","user_218","User 250","2024-09-15 10:50:00","cơ sở hạ tầng bị phá hủy nghiêm trọng  cầu đường sạt lở nặng",271,26,43,"vi"
"Facebook_1778643616217_18","Facebook","user_573","User 481","2024-09-15 07:09:00","đường sá bị ngập nặng  giao thông tê liệt hoàn toàn  không thể di chuyển",347,28,29,"vi"
"Facebook_1778643616217_14","Facebook","user_648","User 132","2024-09-27 09:15:00","tinh thần đoàn kết của người việt thật đáng khâm phục  mọi người cùng giúp đỡ nhau",55,21,24,"vi"
"Facebook_1778643616217_16","Facebook","user_657","User 836","2024-09-15 10:01:00","đội ngũ y tế đang làm việc không mệt mỏi để cứu chữa người bị thương",246,3,13,"vi"
"Facebook_1778643616217_11","Facebook","user_329","User 635","2024-09-26 07:16:00","hàng cứu trợ đã đến kịp thời  cảm ơn tấm lòng hảo tâm của mọi người",402,34,27,"vi"
"Facebook_1778643616217_13","Facebook","user_975","User 806","2024-09-07 13:30:00","nhà cửa bị sập hoàn toàn sau bão  không biết bao giờ mới xây lại được",137,19,23,"vi"
"Facebook_1778643616217_12","Facebook","user_531","User 335","2024-09-11 15:05:00","đội ngũ y tế đang làm việc không mệt mỏi để cứu chữa người bị thương",55,83,10,"vi"
"Facebook_1778643616217_2","Facebook","user_393","User 45","2024-09-16 18:14:00","là chủ đề đang được quan tâm",98,22,43,"vi"
"Facebook_1778643616217_4","Facebook","user_679","User 235","2024-09-19 10:39:00","hàng cứu trợ đã đến kịp thời  cảm ơn tấm lòng hảo tâm của mọi người",347,39,18,"vi"
"Facebook_1778643616217_0","Facebook","user_315","User 847","2024-09-10 23:59:00","bão quá mạnh  thiệt hại quá lớn  nhiều người mất nhà cửa",168,31,36,"vi"
"Facebook_1778643616217_3","Facebook","user_893","User 925","2024-09-13 01:28:00","người dân vùng lũ đang rất cần được cứu trợ khẩn cấp  chưa thấy ai đến",369,28,6,"vi"
"Facebook_1778643616217_8","Facebook","user_681","User 442","2024-09-21 03:22:00","mất điện  mất nước đã 3 ngày  cuộc sống vô cùng khó khăn",353,99,0,"vi"
"Facebook_1778643616217_1","Facebook","user_796","User 151","2024-09-18 08:45:00","bão quá mạnh  thiệt hại quá lớn  nhiều người mất nhà cửa",80,4,4,"vi"
"Facebook_1778643616217_9","Facebook","user_115","User 183","2024-09-22 03:15:00","bão quá mạnh  thiệt hại quá lớn  nhiều người mất nhà cửa",43,14,9,"vi"
"Facebook_1778643616217_7","Facebook","user_302","User 319","2024-09-15 22:40:00","bão quá mạnh  thiệt hại quá lớn  nhiều người mất nhà cửa",349,75,22,"vi"
"Facebook_1778643616217_6","Facebook","user_573","User 84","2024-09-12 13:07:00","cảm ơn các nhà hảo tâm đã gửi thực phẩm và nước uống đến vùng lũ",407,44,35,"vi"
"Facebook_1778643616217_5","Facebook","user_635","User 529","2024-09-08 11:08:00","hàng cứu trợ đến chậm  phân phối không công bằng",413,42,35,"vi"
"Facebook_1778643616218_0","Facebook","user_548","User 112","2024-09-24 16:55:00","theo dự báo  bão sẽ suy yếu dần trong 24 giờ tới",204,14,25,"vi"
"Facebook_1778643616218_11","Facebook","user_301","User 950","2024-09-06 10:46:00","cảm ơn các nhà hảo tâm đã gửi thực phẩm và nước uống đến vùng lũ",396,60,36,"vi"
"Facebook_1778643616218_15","Facebook","user_683","User 621","2024-09-06 12:05:00","người dân vùng lũ đang rất cần được cứu trợ khẩn cấp  chưa thấy ai đến",274,26,5,"vi"
"Facebook_1778643616218_14","Facebook","user_687","User 614","2024-09-20 18:25:00","cơ sở hạ tầng bị phá hủy nghiêm trọng  cầu đường sạt lở nặng",446,21,4,"vi"
"Facebook_1778643616218_19","Facebook","user_227","User 175","2024-09-13 15:10:00","hàng cứu trợ đã đến kịp thời  cảm ơn tấm lòng hảo tâm của mọi người",15,30,41,"vi"
"Facebook_1778643616218_3","Facebook","user_22","User 480","2024-09-11 14:38:00","đội ngũ y tế đang làm việc không mệt mỏi để cứu chữa người bị thương",114,41,11,"vi"
"Facebook_1778643616218_7","Facebook","user_932","User 771","2024-09-18 04:38:00","là chủ đề đang được quan tâm",108,8,23,"vi"
"Facebook_1778643616218_4","Facebook","user_409","User 447","2024-09-10 15:02:00","chính quyền đã hỗ trợ tiền mặt kịp thời cho các hộ dân bị thiệt hại",129,64,16,"vi"
"Facebook_1778643616218_13","Facebook","user_382","User 439","2024-09-21 10:46:00","theo dự báo  bão sẽ suy yếu dần trong 24 giờ tới",415,75,26,"vi"
"Facebook_1778643616218_8","Facebook","user_299","User 887","2024-09-29 07:33:00","cơ sở hạ tầng bị phá hủy nghiêm trọng  cầu đường sạt lở nặng",475,2,32,"vi"
"Facebook_1778643616218_5","Facebook","user_537","User 133","2024-09-06 10:56:00","đường sá bị ngập nặng  giao thông tê liệt hoàn toàn  không thể di chuyển",381,76,2,"vi"
"Facebook_1778643616218_12","Facebook","user_353","User 731","2024-09-17 01:40:00","đường sá bị ngập nặng  giao thông tê liệt hoàn toàn  không thể di chuyển",108,81,12,"vi"
"Facebook_1778643616218_1","Facebook","user_391","User 72","2024-09-21 21:49:00","hàng cứu trợ đến chậm  phân phối không công bằng",329,4,17,"vi"
"Facebook_1778643616218_6","Facebook","user_587","User 834","2024-09-28 01:10:00","đường sá bị ngập nặng  giao thông tê liệt hoàn toàn  không thể di chuyển",106,62,49,"vi"
"Facebook_1778643616218_17","Facebook","user_543","User 90","2024-09-21 07:19:00","là chủ đề đang được quan tâm",168,69,46,"vi"
"Facebook_1778643616218_2","Facebook","user_882","User 12","2024-09-12 12:21:00","các đơn vị đang khẩn trương khắc phục hậu quả bão  rất đáng khen ngợi",403,12,18,"vi"
"Facebook_1778643616218_9","Facebook","user_714","User 401","2024-09-12 06:14:00","mất điện  mất nước đã 3 ngày  cuộc sống vô cùng khó khăn",82,80,4,"vi"
"Facebook_1778643616218_16","Facebook","user_166","User 702","2024-09-13 06:59:00","là chủ đề đang được quan tâm",252,80,23,"vi"
"Facebook_1778643616218_10","Facebook","user_862","User 894","2024-09-25 07:51:00","các đơn vị đang khẩn trương khắc phục hậu quả bão  rất đáng khen ngợi",71,72,42,"vi"
"Facebook_1778643616218_18","Facebook","user_644","User 642","2024-09-18 20:40:00","mất điện  mất nước đã 3 ngày  cuộc sống vô cùng khó khăn",348,4,7,"vi"
"TikTok_1778643616219_18","TikTok","user_476","User 7","2024-09-26 23:32:00","đường sá bị ngập nặng  giao thông tê liệt hoàn toàn  không thể di chuyển",275,85,6,"vi"
"TikTok_1778643616219_15","TikTok","user_366","User 483","2024-09-10 09:29:00","cơ sở hạ tầng bị phá hủy nghiêm trọng  cầu đường sạt lở nặng",155,73,49,"vi"
"TikTok_1778643616219_13","TikTok","user_738","User 166","2024-09-12 11:29:00","theo dự báo  bão sẽ suy yếu dần trong 24 giờ tới",448,17,39,"vi"
"TikTok_1778643616219_14","TikTok","user_130","User 512","2024-09-18 20:23:00","cơ sở hạ tầng bị phá hủy nghiêm trọng  cầu đường sạt lở nặng",66,14,16,"vi"
"TikTok_1778643616219_9","TikTok","user_636","User 586","2024-09-10 16:39:00","bão yagi đã đổ bộ vào các tỉnh miền bắc với sức gió mạnh nhất",244,96,6,"vi"
"TikTok_1778643616219_4","TikTok","user_127","User 461","2024-09-13 15:28:00","đội ngũ y tế đang làm việc không mệt mỏi để cứu chữa người bị thương",492,60,36,"vi"
"TikTok_1778643616219_16","TikTok","user_784","User 328","2024-09-15 07:46:00","bão yagi đã đổ bộ vào các tỉnh miền bắc với sức gió mạnh nhất",338,65,45,"vi"
"TikTok_1778643616219_1","TikTok","user_319","User 486","2024-09-07 16:30:00","typhoon yagi là chủ đề đang được quan tâm",103,95,28,"vi"
"TikTok_1778643616219_8","TikTok","user_814","User 739","2024-09-18 12:49:00","hàng cứu trợ đã đến kịp thời  cảm ơn tấm lòng hảo tâm của mọi người",467,67,1,"vi"
"TikTok_1778643616219_12","TikTok","user_953","User 651","2024-09-22 06:22:00","bão yagi đã đổ bộ vào các tỉnh miền bắc với sức gió mạnh nhất",481,69,28,"vi"
"TikTok_1778643616219_6","TikTok","user_612","User 593","2024-09-28 19:48:00","mất điện  mất nước đã 3 ngày  cuộc sống vô cùng khó khăn",150,77,1,"vi"
"TikTok_1778643616219_17","TikTok","user_26","User 661","2024-09-17 12:46:00","người dân vùng lũ đang rất cần được cứu trợ khẩn cấp  chưa thấy ai đến",186,51,15,"vi"
"TikTok_1778643616219_11","TikTok","user_643","User 43","2024-09-22 21:22:00","các đơn vị đang khẩn trương khắc phục hậu quả bão  rất đáng khen ngợi",378,37,31,"vi"
"TikTok_1778643616219_5","TikTok","user_386","User 574","2024-09-21 06:42:00","yagi là chủ đề đang được quan tâm",489,33,47,"vi"
"TikTok_1778643616219_7","TikTok","user_64","User 137","2024-09-28 21:51:00","đường sá bị ngập nặng  giao thông tê liệt hoàn toàn  không thể di chuyển",489,74,16,"vi"
"TikTok_1778643616219_2","TikTok","user_75","User 104","2024-09-23 19:59:00","mất điện  mất nước đã 3 ngày  cuộc sống vô cùng khó khăn",77,63,41,"vi"
"TikTok_1778643616219_19","TikTok","user_342","User 500","2024-09-18 04:31:00","đường sá bị ngập nặng  giao thông tê liệt hoàn toàn  không thể di chuyển",288,73,42,"vi"
"TikTok_1778643616219_0","TikTok","user_44","User 226","2024-09-08 18:09:00","bão quá mạnh  thiệt hại quá lớn  nhiều người mất nhà cửa",492,37,30,"vi"
"TikTok_1778643616219_10","TikTok","user_668","User 553","2024-09-23 04:15:00","chính quyền đã hỗ trợ tiền mặt kịp thời cho các hộ dân bị thiệt hại",258,25,43,"vi"
"TikTok_1778643616219_3","TikTok","user_294","User 267","2024-09-18 00:44:00","theo dự báo  bão sẽ suy yếu dần trong 24 giờ tới",200,31,5,"vi"
"TikTok_1778643616220_19","TikTok","user_25","User 954","2024-09-23 12:41:00","hàng cứu trợ đã đến kịp thời  cảm ơn tấm lòng hảo tâm của mọi người",347,95,45,"vi"
"TikTok_1778643616220_11","TikTok","user_884","User 225","2024-09-11 18:00:00","cảm ơn đội cứu hộ đã giúp đỡ người dân vùng lũ  thật tuyệt vời",321,23,30,"vi"
"TikTok_1778643616220_3","TikTok","user_16","User 841","2024-09-14 13:49:00","bão yagi đã đổ bộ vào các tỉnh miền bắc với sức gió mạnh nhất",145,29,37,"vi"
"TikTok_1778643616220_16","TikTok","user_319","User 988","2024-09-27 08:17:00","theo dự báo  bão sẽ suy yếu dần trong 24 giờ tới",121,58,47,"vi"
"TikTok_1778643616220_15","TikTok","user_845","User 451","2024-09-29 10:44:00","cảm ơn các nhà hảo tâm đã gửi thực phẩm và nước uống đến vùng lũ",389,44,28,"vi"
"TikTok_1778643616220_5","TikTok","user_352","User 30","2024-09-20 07:56:00","bão quá mạnh  thiệt hại quá lớn  nhiều người mất nhà cửa",245,15,14,"vi"
"TikTok_1778643616220_8","TikTok","user_618","User 289","2024-09-11 13:53:00","bão yagi đã đổ bộ vào các tỉnh miền bắc với sức gió mạnh nhất",328,68,13,"vi"
"TikTok_1778643616220_9","TikTok","user_486","User 426","2024-09-17 14:07:00","chính quyền đã hỗ trợ tiền mặt kịp thời cho các hộ dân bị thiệt hại",30,49,9,"vi"
"TikTok_1778643616220_7","TikTok","user_254","User 757","2024-09-13 03:36:00","sạt lở là chủ đề đang được quan tâm",21,85,17,"vi"
"TikTok_1778643616220_18","TikTok","user_601","User 863","2024-09-07 07:05:00","mất điện  mất nước đã 3 ngày  cuộc sống vô cùng khó khăn",80,40,14,"vi"
"TikTok_1778643616220_17","TikTok","user_603","User 991","2024-09-14 23:14:00","người dân vùng lũ đang rất cần được cứu trợ khẩn cấp  chưa thấy ai đến",438,17,17,"vi"
"TikTok_1778643616220_14","TikTok","user_491","User 959","2024-09-14 00:47:00","cảm ơn đội cứu hộ đã giúp đỡ người dân vùng lũ  thật tuyệt vời",346,36,19,"vi"
"TikTok_1778643616220_6","TikTok","user_104","User 706","2024-09-17 07:13:00","cơ sở hạ tầng bị phá hủy nghiêm trọng  cầu đường sạt lở nặng",101,35,49,"vi"
"TikTok_1778643616220_13","TikTok","user_375","User 132","2024-09-24 04:55:00","hàng cứu trợ đã đến kịp thời  cảm ơn tấm lòng hảo tâm của mọi người",435,20,12,"vi"
"TikTok_1778643616220_10","TikTok","user_286","User 174","2024-09-20 14:55:00","mất điện  mất nước đã 3 ngày  cuộc sống vô cùng khó khăn",413,52,15,"vi"
"TikTok_1778643616220_12","TikTok","user_621","User 232","2024-09-29 11:36:00","chính quyền đã hỗ trợ tiền mặt kịp thời cho các hộ dân bị thiệt hại",470,93,17,"vi"
"TikTok_1778643616220_4","TikTok","user_325","User 554","2024-09-25 12:16:00","tinh thần đoàn kết của người việt thật đáng khâm phục  mọi người cùng giúp đỡ nhau",244,46,26,"vi"
"TikTok_1778643616220_1","TikTok","user_549","User 702","2024-09-07 04:47:00","cảm ơn đội cứu hộ đã giúp đỡ người dân vùng lũ  thật tuyệt vời",81,79,30,"vi"
"TikTok_1778643616220_0","TikTok","user_452","User 36","2024-09-20 02:38:00","hàng cứu trợ đến chậm  phân phối không công bằng",252,81,10,"vi"
"TikTok_1778643616220_2","TikTok","user_972","User 957","2024-09-10 16:01:00","hàng cứu trợ đến chậm  phân phối không công bằng",74,26,24,"vi"
"TikTok_1778643616221_15","TikTok","user_185","User 297","2024-09-09 18:32:00","chính quyền đã hỗ trợ tiền mặt kịp thời cho các hộ dân bị thiệt hại",402,64,27,"vi"
"TikTok_1778643616221_12","TikTok","user_61","User 985","2024-09-23 01:43:00","cảm ơn đội cứu hộ đã giúp đỡ người dân vùng lũ  thật tuyệt vời",325,5,44,"vi"
"TikTok_1778643616221_13","TikTok","user_255","User 182","2024-09-22 20:50:00","bão yagi đã đổ bộ vào các tỉnh miền bắc với sức gió mạnh nhất",497,77,0,"vi"
"TikTok_1778643616221_16","TikTok","user_192","User 635","2024-09-20 11:50:00","mất điện  mất nước đã 3 ngày  cuộc sống vô cùng khó khăn",425,55,16,"vi"
"TikTok_1778643616221_14","TikTok","user_15","User 605","2024-09-12 12:46:00","theo dự báo  bão sẽ suy yếu dần trong 24 giờ tới",251,69,41,"vi"
"TikTok_1778643616221_19","TikTok","user_989","User 738","2024-09-24 06:05:00","người dân vùng lũ đang rất cần được cứu trợ khẩn cấp  chưa thấy ai đến",31,31,6,"vi"
"TikTok_1778643616221_11","TikTok","user_77","User 716","2024-09-13 03:11:00","cơ sở hạ tầng bị phá hủy nghiêm trọng  cầu đường sạt lở nặng",90,4,47,"vi"
"TikTok_1778643616221_17","TikTok","user_635","User 4","2024-09-17 05:39:00","đường sá bị ngập nặng  giao thông tê liệt hoàn toàn  không thể di chuyển",248,2,29,"vi"
"TikTok_1778643616221_18","TikTok","user_311","User 708","2024-09-30 22:00:00","chính quyền đã hỗ trợ tiền mặt kịp thời cho các hộ dân bị thiệt hại",491,97,33,"vi"
"TikTok_1778643616221_9","TikTok","user_56","User 571","2024-09-29 10:09:00","nhà cửa bị sập hoàn toàn sau bão  không biết bao giờ mới xây lại được",258,59,31,"vi"
"TikTok_1778643616221_8","TikTok","user_827","User 258","2024-09-16 18:44:00","các đơn vị đang khẩn trương khắc phục hậu quả bão  rất đáng khen ngợi",73,68,38,"vi"
"TikTok_1778643616221_7","TikTok","user_127","User 945","2024-09-27 20:03:00","cảm ơn đội cứu hộ đã giúp đỡ người dân vùng lũ  thật tuyệt vời",470,27,10,"vi"
"TikTok_1778643616221_2","TikTok","user_514","User 684","2024-09-24 11:15:00","đội ngũ y tế đang làm việc không mệt mỏi để cứu chữa người bị thương",394,38,40,"vi"
"TikTok_1778643616221_4","TikTok","user_353","User 925","2024-09-07 08:07:00","hàng cứu trợ đã đến kịp thời  cảm ơn tấm lòng hảo tâm của mọi người",242,12,49,"vi"
"TikTok_1778643616221_10","TikTok","user_487","User 808","2024-09-18 22:37:00","hàng cứu trợ đến chậm  phân phối không công bằng",71,23,27,"vi"
"TikTok_1778643616221_3","TikTok","user_198","User 137","2024-09-28 19:25:00","hàng cứu trợ đã đến kịp thời  cảm ơn tấm lòng hảo tâm của mọi người",11,96,0,"vi"
"TikTok_1778643616221_5","TikTok","user_279","User 503","2024-09-19 05:48:00","nhà cửa bị sập hoàn toàn sau bão  không biết bao giờ mới xây lại được",136,23,26,"vi"
"TikTok_1778643616221_1","TikTok","user_70","User 334","2024-09-26 02:42:00","cơ sở hạ tầng bị phá hủy nghiêm trọng  cầu đường sạt lở nặng",12,81,6,"vi"
"TikTok_1778643616221_6","TikTok","user_110","User 34","2024-09-17 07:27:00","mất điện  mất nước đã 3 ngày  cuộc sống vô cùng khó khăn",114,53,6,"vi"
"TikTok_1778643616221_0","TikTok","user_887","User 422","2024-09-11 19:51:00","đội ngũ y tế đang làm việc không mệt mỏi để cứu chữa người bị thương",340,50,26,"vi"
"TikTok_1778643616222_17","TikTok","user_357","User 629","2024-09-08 17:04:00","người dân vùng lũ đang rất cần được cứu trợ khẩn cấp  chưa thấy ai đến",162,43,20,"vi"
"TikTok_1778643616222_10","TikTok","user_681","User 217","2024-09-20 22:06:00","cơ sở hạ tầng bị phá hủy nghiêm trọng  cầu đường sạt lở nặng",244,9,19,"vi"
"TikTok_1778643616222_11","TikTok","user_71","User 447","2024-09-20 16:33:00","cơ sở hạ tầng bị phá hủy nghiêm trọng  cầu đường sạt lở nặng",37,48,21,"vi"
"TikTok_1778643616222_18","TikTok","user_735","User 960","2024-09-14 05:39:00","chính quyền đã hỗ trợ tiền mặt kịp thời cho các hộ dân bị thiệt hại",278,47,43,"vi"
"TikTok_1778643616222_5","TikTok","user_275","User 319","2024-09-28 03:42:00","theo dự báo  bão sẽ suy yếu dần trong 24 giờ tới",262,49,46,"vi"
"TikTok_1778643616222_19","TikTok","user_320","User 802","2024-09-20 16:46:00","đội ngũ y tế đang làm việc không mệt mỏi để cứu chữa người bị thương",57,77,23,"vi"
"TikTok_1778643616222_0","TikTok","user_708","User 907","2024-09-08 02:00:00","cảm ơn các nhà hảo tâm đã gửi thực phẩm và nước uống đến vùng lũ",184,3,45,"vi"
"TikTok_1778643616222_1","TikTok","user_730","User 543","2024-09-10 23:34:00","bão quá mạnh  thiệt hại quá lớn  nhiều người mất nhà cửa",206,69,14,"vi"
"TikTok_1778643616222_7","TikTok","user_800","User 929","2024-09-26 01:00:00","bão quá mạnh  thiệt hại quá lớn  nhiều người mất nhà cửa",14,37,42,"vi"
"TikTok_1778643616222_15","TikTok","user_703","User 681","2024-09-07 21:34:00","chính quyền đã hỗ trợ tiền mặt kịp thời cho các hộ dân bị thiệt hại",471,2,4,"vi"
"TikTok_1778643616222_14","TikTok","user_621","User 456","2024-09-15 16:40:00","bão yagi đã đổ bộ vào các tỉnh miền bắc với sức gió mạnh nhất",411,0,4,"vi"
"TikTok_1778643616222_3","TikTok","user_422","User 324","2024-09-25 20:02:00","cơ sở hạ tầng bị phá hủy nghiêm trọng  cầu đường sạt lở nặng",55,13,34,"vi"
"TikTok_1778643616222_13","TikTok","user_838","User 712","2024-09-20 18:11:00","tinh thần đoàn kết của người việt thật đáng khâm phục  mọi người cùng giúp đỡ nhau",153,35,36,"vi"
"TikTok_1778643616222_9","TikTok","user_671","User 223","2024-09-21 21:04:00","hàng cứu trợ đến chậm  phân phối không công bằng",378,23,46,"vi"
"TikTok_1778643616222_8","TikTok","user_514","User 374","2024-09-07 01:53:00","đường sá bị ngập nặng  giao thông tê liệt hoàn toàn  không thể di chuyển",416,77,22,"vi"
"TikTok_1778643616222_2","TikTok","user_124","User 563","2024-09-22 23:02:00","mất điện  mất nước đã 3 ngày  cuộc sống vô cùng khó khăn",423,34,21,"vi"
"TikTok_1778643616222_4","TikTok","user_266","User 368","2024-09-12 04:38:00","cảm ơn các nhà hảo tâm đã gửi thực phẩm và nước uống đến vùng lũ",201,57,16,"vi"
"TikTok_1778643616222_12","TikTok","user_717","User 129","2024-09-20 07:25:00","đường sá bị ngập nặng  giao thông tê liệt hoàn toàn  không thể di chuyển",8,83,2,"vi"
"TikTok_1778643616222_6","TikTok","user_260","User 594","2024-09-29 07:42:00","chính quyền đã hỗ trợ tiền mặt kịp thời cho các hộ dân bị thiệt hại",159,5,12,"vi"
"TikTok_1778643616222_16","TikTok","user_167","User 99","2024-09-28 06:33:00","đường sá bị ngập nặng  giao thông tê liệt hoàn toàn  không thể di chuyển",288,15,16,"vi"
"YouTube_1778643616222_2","YouTube","user_319","User 543","2024-09-20 07:17:00","cảm ơn các nhà hảo tâm đã gửi thực phẩm và nước uống đến vùng lũ",191,18,41,"vi"
"YouTube_1778643616222_16","YouTube","user_295","User 402","2024-09-27 23:16:00","bão yagi đã đổ bộ vào các tỉnh miền bắc với sức gió mạnh nhất",378,25,32,"vi"
"YouTube_1778643616222_14","YouTube","user_372","User 483","2024-09-10 04:44:00","các đơn vị đang khẩn trương khắc phục hậu quả bão  rất đáng khen ngợi",324,0,46,"vi"
"YouTube_1778643616222_10","YouTube","user_833","User 368","2024-09-12 19:29:00","hàng cứu trợ đến chậm  phân phối không công bằng",347,51,2,"vi"
"YouTube_1778643616222_15","YouTube","user_555","User 860","2024-09-15 00:17:00","chính quyền đã hỗ trợ tiền mặt kịp thời cho các hộ dân bị thiệt hại",307,75,5,"vi"
"YouTube_1778643616222_6","YouTube","user_811","User 530","2024-09-29 06:14:00","hàng cứu trợ đã đến kịp thời  cảm ơn tấm lòng hảo tâm của mọi người",82,13,0,"vi"
"YouTube_1778643616222_0","YouTube","user_617","User 567","2024-09-30 20:22:00","tinh thần đoàn kết của người việt thật đáng khâm phục  mọi người cùng giúp đỡ nhau",166,74,15,"vi"
"YouTube_1778643616222_11","YouTube","user_535","User 675","2024-09-19 23:22:00","cảm ơn đội cứu hộ đã giúp đỡ người dân vùng lũ  thật tuyệt vời",323,5,20,"vi"
"YouTube_1778643616222_5","YouTube","user_613","User 378","2024-09-27 17:05:00","cảm ơn đội cứu hộ đã giúp đỡ người dân vùng lũ  thật tuyệt vời",176,59,9,"vi"
"YouTube_1778643616222_8","YouTube","user_478","User 638","2024-09-28 17:33:00","tinh thần đoàn kết của người việt thật đáng khâm phục  mọi người cùng giúp đỡ nhau",278,45,44,"vi"
"YouTube_1778643616222_9","YouTube","user_623","User 944","2024-09-29 02:52:00","người dân vùng lũ đang rất cần được cứu trợ khẩn cấp  chưa thấy ai đến",40,83,4,"vi"
"YouTube_1778643616222_1","YouTube","user_91","User 648","2024-09-09 04:53:00","bão quá mạnh  thiệt hại quá lớn  nhiều người mất nhà cửa",254,86,4,"vi"
"YouTube_1778643616222_13","YouTube","user_862","User 575","2024-09-30 04:27:00","chính quyền đã hỗ trợ tiền mặt kịp thời cho các hộ dân bị thiệt hại",300,54,39,"vi"
"YouTube_1778643616222_3","YouTube","user_839","User 619","2024-09-22 07:59:00","đội ngũ y tế đang làm việc không mệt mỏi để cứu chữa người bị thương",16,19,35,"vi"
"YouTube_1778643616222_19","YouTube","user_920","User 298","2024-09-10 11:49:00","bão yagi đã đổ bộ vào các tỉnh miền bắc với sức gió mạnh nhất",362,68,13,"vi"
"YouTube_1778643616222_12","YouTube","user_175","User 945","2024-09-22 14:47:00","hàng cứu trợ đến chậm  phân phối không công bằng",255,65,3,"vi"
"YouTube_1778643616222_4","YouTube","user_386","User 797","2024-09-12 14:11:00","tinh thần đoàn kết của người việt thật đáng khâm phục  mọi người cùng giúp đỡ nhau",305,55,9,"vi"
"YouTube_1778643616222_18","YouTube","user_843","User 50","2024-09-17 08:08:00","người dân vùng lũ đang rất cần được cứu trợ khẩn cấp  chưa thấy ai đến",484,10,4,"vi"
"YouTube_1778643616222_17","YouTube","user_310","User 321","2024-09-10 22:52:00","theo dự báo  bão sẽ suy yếu dần trong 24 giờ tới",114,60,29,"vi"
"YouTube_1778643616222_7","YouTube","user_773","User 170","2024-09-09 14:07:00","các đơn vị đang khẩn trương khắc phục hậu quả bão  rất đáng khen ngợi",87,63,12,"vi"
"YouTube_1778643616223_16","YouTube","user_932","User 359","2024-09-28 08:07:00","chính quyền đã hỗ trợ tiền mặt kịp thời cho các hộ dân bị thiệt hại",372,62,13,"vi"
"YouTube_1778643616223_2","YouTube","user_195","User 412","2024-09-14 20:56:00","hàng cứu trợ đã đến kịp thời  cảm ơn tấm lòng hảo tâm của mọi người",27,44,22,"vi"
"YouTube_1778643616223_0","YouTube","user_63","User 563","2024-09-19 14:23:00","các đơn vị đang khẩn trương khắc phục hậu quả bão  rất đáng khen ngợi",394,58,31,"vi"
"YouTube_1778643616223_11","YouTube","user_643","User 756","2024-09-22 10:45:00","cảm ơn các nhà hảo tâm đã gửi thực phẩm và nước uống đến vùng lũ",440,7,47,"vi"
"YouTube_1778643616223_12","YouTube","user_503","User 825","2024-09-10 20:40:00","mất điện  mất nước đã 3 ngày  cuộc sống vô cùng khó khăn",54,64,14,"vi"
"YouTube_1778643616223_3","YouTube","user_574","User 74","2024-09-26 16:59:00","đường sá bị ngập nặng  giao thông tê liệt hoàn toàn  không thể di chuyển",298,27,3,"vi"
"YouTube_1778643616223_6","YouTube","user_88","User 662","2024-09-30 01:40:00","đường sá bị ngập nặng  giao thông tê liệt hoàn toàn  không thể di chuyển",415,60,12,"vi"
"YouTube_1778643616223_10","YouTube","user_731","User 536","2024-09-21 21:38:00","cơ sở hạ tầng bị phá hủy nghiêm trọng  cầu đường sạt lở nặng",150,67,19,"vi"
"YouTube_1778643616223_1","YouTube","user_31","User 873","2024-09-15 00:20:00","các đơn vị đang khẩn trương khắc phục hậu quả bão  rất đáng khen ngợi",74,77,17,"vi"
"YouTube_1778643616223_14","YouTube","user_873","User 671","2024-09-09 23:44:00","đường sá bị ngập nặng  giao thông tê liệt hoàn toàn  không thể di chuyển",94,90,12,"vi"
"YouTube_1778643616223_9","YouTube","user_599","User 881","2024-09-10 03:14:00","cảm ơn các nhà hảo tâm đã gửi thực phẩm và nước uống đến vùng lũ",38,14,14,"vi"
"YouTube_1778643616223_19","YouTube","user_22","User 327","2024-09-14 23:21:00","đội ngũ y tế đang làm việc không mệt mỏi để cứu chữa người bị thương",322,71,38,"vi"
"YouTube_1778643616223_4","YouTube","user_79","User 375","2024-09-16 23:11:00","cảm ơn đội cứu hộ đã giúp đỡ người dân vùng lũ  thật tuyệt vời",417,19,12,"vi"
"YouTube_1778643616223_18","YouTube","user_141","User 428","2024-09-22 14:45:00","theo dự báo  bão sẽ suy yếu dần trong 24 giờ tới",431,88,25,"vi"
"YouTube_1778643616223_15","YouTube","user_295","User 701","2024-09-28 13:33:00","nhà cửa bị sập hoàn toàn sau bão  không biết bao giờ mới xây lại được",354,14,3,"vi"
"YouTube_1778643616223_17","YouTube","user_648","User 179","2024-09-22 05:16:00","chính quyền đã hỗ trợ tiền mặt kịp thời cho các hộ dân bị thiệt hại",202,76,13,"vi"
"YouTube_1778643616223_5","YouTube","user_158","User 378","2024-09-22 13:08:00","bão yagi đã đổ bộ vào các tỉnh miền bắc với sức gió mạnh nhất",180,69,22,"vi"
"YouTube_1778643616223_8","YouTube","user_72","User 328","2024-09-18 19:01:00","nhà cửa bị sập hoàn toàn sau bão  không biết bao giờ mới xây lại được",67,58,2,"vi"
"YouTube_1778643616223_13","YouTube","user_29","User 206","2024-09-06 18:55:00","chính quyền đã hỗ trợ tiền mặt kịp thời cho các hộ dân bị thiệt hại",428,11,13,"vi"
"YouTube_1778643616223_7","YouTube","user_119","User 650","2024-09-07 10:32:00","đường sá bị ngập nặng  giao thông tê liệt hoàn toàn  không thể di chuyển",437,2,20,"vi"
"YouTube_1778643616224_15","YouTube","user_89","User 721","2024-09-14 14:35:00","người dân vùng lũ đang rất cần được cứu trợ khẩn cấp  chưa thấy ai đến",276,1,29,"vi"
"YouTube_1778643616224_17","YouTube","user_662","User 398","2024-09-06 22:37:00","đội ngũ y tế đang làm việc không mệt mỏi để cứu chữa người bị thương",363,12,32,"vi"
"YouTube_1778643616224_19","YouTube","user_664","User 589","2024-09-08 19:15:00","là chủ đề đang được quan tâm",311,14,1,"vi"
"YouTube_1778643616224_11","YouTube","user_195","User 934","2024-09-27 20:01:00","người dân vùng lũ đang rất cần được cứu trợ khẩn cấp  chưa thấy ai đến",429,24,47,"vi"
"YouTube_1778643616224_14","YouTube","user_104","User 487","2024-09-11 06:48:00","đường sá bị ngập nặng  giao thông tê liệt hoàn toàn  không thể di chuyển",271,46,44,"vi"
"YouTube_1778643616224_16","YouTube","user_258","User 534","2024-09-11 08:22:00","hàng cứu trợ đã đến kịp thời  cảm ơn tấm lòng hảo tâm của mọi người",444,32,33,"vi"
"YouTube_1778643616224_18","YouTube","user_476","User 878","2024-09-06 04:20:00","cảm ơn các nhà hảo tâm đã gửi thực phẩm và nước uống đến vùng lũ",414,98,27,"vi"
"YouTube_1778643616224_12","YouTube","user_668","User 650","2024-09-07 02:24:00","các đơn vị đang khẩn trương khắc phục hậu quả bão  rất đáng khen ngợi",417,61,39,"vi"
"YouTube_1778643616224_13","YouTube","user_589","User 531","2024-09-15 16:47:00","tinh thần đoàn kết của người việt thật đáng khâm phục  mọi người cùng giúp đỡ nhau",55,14,3,"vi"
"YouTube_1778643616224_2","YouTube","user_526","User 605","2024-09-25 02:03:00","các đơn vị đang khẩn trương khắc phục hậu quả bão  rất đáng khen ngợi",129,87,16,"vi"
"YouTube_1778643616224_4","YouTube","user_383","User 47","2024-09-19 22:21:00","cơ sở hạ tầng bị phá hủy nghiêm trọng  cầu đường sạt lở nặng",9,80,46,"vi"
"YouTube_1778643616224_6","YouTube","user_666","User 782","2024-09-24 03:36:00","các đơn vị đang khẩn trương khắc phục hậu quả bão  rất đáng khen ngợi",254,69,27,"vi"
"YouTube_1778643616224_7","YouTube","user_444","User 478","2024-09-07 04:30:00","chính quyền đã hỗ trợ tiền mặt kịp thời cho các hộ dân bị thiệt hại",270,96,5,"vi"
"YouTube_1778643616224_3","YouTube","user_77","User 967","2024-09-22 06:03:00","chính quyền đã hỗ trợ tiền mặt kịp thời cho các hộ dân bị thiệt hại",436,5,10,"vi"
"YouTube_1778643616224_10","YouTube","user_837","User 63","2024-09-24 00:06:00","các đơn vị đang khẩn trương khắc phục hậu quả bão  rất đáng khen ngợi",250,45,17,"vi"
"YouTube_1778643616224_0","YouTube","user_9","User 639","2024-09-15 19:17:00","mất điện  mất nước đã 3 ngày  cuộc sống vô cùng khó khăn",253,97,20,"vi"
"YouTube_1778643616224_9","YouTube","user_865","User 583","2024-09-26 14:38:00","hàng cứu trợ đến chậm  phân phối không công bằng",308,89,22,"vi"
"YouTube_1778643616224_1","YouTube","user_131","User 258","2024-09-19 05:28:00","các đơn vị đang khẩn trương khắc phục hậu quả bão  rất đáng khen ngợi",113,96,42,"vi"
"YouTube_1778643616224_5","YouTube","user_672","User 840","2024-09-15 00:04:00","cảm ơn các nhà hảo tâm đã gửi thực phẩm và nước uống đến vùng lũ",54,49,46,"vi"
"YouTube_1778643616224_8","YouTube","user_43","User 312","2024-09-07 10:28:00","các đơn vị đang khẩn trương khắc phục hậu quả bão  rất đáng khen ngợi",335,84,31,"vi"
"YouTube_1778643616225_12","YouTube","user_273","User 490","2024-09-27 21:10:00","chính quyền đã hỗ trợ tiền mặt kịp thời cho các hộ dân bị thiệt hại",201,31,0,"vi"
"YouTube_1778643616225_2","YouTube","user_857","User 974","2024-09-17 22:30:00","đội ngũ y tế đang làm việc không mệt mỏi để cứu chữa người bị thương",144,24,13,"vi"
"YouTube_1778643616225_6","YouTube","user_529","User 520","2024-09-18 17:56:00","nhà cửa bị sập hoàn toàn sau bão  không biết bao giờ mới xây lại được",281,25,6,"vi"
"YouTube_1778643616225_5","YouTube","user_998","User 193","2024-09-20 08:55:00","bão quá mạnh  thiệt hại quá lớn  nhiều người mất nhà cửa",415,4,4,"vi"
"YouTube_1778643616225_16","YouTube","user_310","User 781","2024-09-26 03:56:00","hàng cứu trợ đến chậm  phân phối không công bằng",129,84,16,"vi"
"YouTube_1778643616225_14","YouTube","user_511","User 270","2024-09-14 22:57:00","theo dự báo  bão sẽ suy yếu dần trong 24 giờ tới",496,90,27,"vi"
"YouTube_1778643616225_10","YouTube","user_550","User 11","2024-09-11 06:34:00","chính quyền đã hỗ trợ tiền mặt kịp thời cho các hộ dân bị thiệt hại",252,12,21,"vi"
"YouTube_1778643616225_3","YouTube","user_143","User 588","2024-09-17 18:25:00","hàng cứu trợ đến chậm  phân phối không công bằng",78,7,45,"vi"
"YouTube_1778643616225_19","YouTube","user_611","User 48","2024-09-11 12:03:00","đường sá bị ngập nặng  giao thông tê liệt hoàn toàn  không thể di chuyển",330,89,48,"vi"
"YouTube_1778643616225_17","YouTube","user_381","User 810","2024-09-16 02:26:00","bão quá mạnh  thiệt hại quá lớn  nhiều người mất nhà cửa",332,12,34,"vi"
"YouTube_1778643616225_0","YouTube","user_832","User 701","2024-09-10 21:04:00","bão quá mạnh  thiệt hại quá lớn  nhiều người mất nhà cửa",109,65,21,"vi"
"YouTube_1778643616225_7","YouTube","user_796","User 320","2024-09-24 12:27:00","theo dự báo  bão sẽ suy yếu dần trong 24 giờ tới",205,76,18,"vi"
"YouTube_1778643616225_13","YouTube","user_80","User 894","2024-09-30 02:21:00","cơ sở hạ tầng bị phá hủy nghiêm trọng  cầu đường sạt lở nặng",377,89,37,"vi"
"YouTube_1778643616225_18","YouTube","user_38","User 498","2024-09-08 08:26:00","đường sá bị ngập nặng  giao thông tê liệt hoàn toàn  không thể di chuyển",192,73,35,"vi"
"YouTube_1778643616225_9","YouTube","user_896","User 802","2024-09-24 00:35:00","cảm ơn đội cứu hộ đã giúp đỡ người dân vùng lũ  thật tuyệt vời",26,15,27,"vi"
"YouTube_1778643616225_11","YouTube","user_936","User 919","2024-09-12 16:27:00","theo dự báo  bão sẽ suy yếu dần trong 24 giờ tới",296,21,19,"vi"
"YouTube_1778643616225_8","YouTube","user_402","User 724","2024-09-06 20:26:00","đường sá bị ngập nặng  giao thông tê liệt hoàn toàn  không thể di chuyển",304,52,13,"vi"
"YouTube_1778643616225_1","YouTube","user_507","User 606","2024-09-15 17:46:00","bão yagi đã đổ bộ vào các tỉnh miền bắc với sức gió mạnh nhất",312,72,1,"vi"
"YouTube_1778643616225_15","YouTube","user_5","User 290","2024-09-16 02:57:00","nhà cửa bị sập hoàn toàn sau bão  không biết bao giờ mới xây lại được",396,15,41,"vi"
"YouTube_1778643616225_4","YouTube","user_214","User 53","2024-09-14 09:53:00","bão quá mạnh  thiệt hại quá lớn  nhiều người mất nhà cửa",117,75,20,"vi"
